StartDate,EndDate,Status,IPAddress,Progress,Duration (in seconds),Finished,RecordedDate,ResponseId,RecipientLastName,RecipientFirstName,RecipientEmail,ExternalReference,LocationLatitude,LocationLongitude,DistributionChannel,UserLanguage,Q1,Q1.5,Q2,Q3,Q4,Q4_7_TEXT,Q5,Q5_9_TEXT,Q6,Q7,Q7_5_TEXT,Q8,Q8_5_TEXT,Q9,Q15,Cyberloafing_1,Cyberloafing_2,Cyberloafing_3,Cyberloafing_4,Cyberloafing_5,Cyberloafing_6,Cyberloafing_7,Cyberloafing_8,Cyberloafing_9,Shopping_1,Shopping_2,Shopping_3,Shopping_4,Shopping_5,Shopping_6,Shopping_7,Shopping_8,Access Online Conten_1,Access Online Conten_2,Access Online Conten_3,Access Online Conten_4,Access Online Conten_5,Productivity_1,Productivity_2,Productivity_3,Productivity_4,Productivity_5,Productivity_6,Productivity_7,Productivity_8,Productivity_9,Productivity_10,Productivity_11,Productivity_12,Productivity_13,Productivity_14,Productivity_15,Productivity_16,Productivity_17
Start Date,End Date,Response Type,IP Address,Progress,Duration (in seconds),Finished,Recorded Date,Response ID,Recipient Last Name,Recipient First Name,Recipient Email,External Data Reference,Location Latitude,Location Longitude,Distribution Channel,User Language,"We would like to thank you in advance for participating in our survey, since this helps us to proceed with our research.
We're conducting research on what the difference is in effect of cyberloafing on employee productivity across Generation X, Y and Z. The definition of cyberloafing entails being at work and using internet for personal, non-work related purposes.We'd love to hear from you about your experiences about cyberloafing and productivity, which will be the main topics of this questionnaire. This will help us make improvements to existing literature and help policy workers related to this topic. The survey should take about 7 minutes, and your responses are completely anonymous.
If you consent you allow us to use your information for our research project only, only the teacher and students in the group will use this information. Participation is completely voluntary and if you decide that you do not want to participate anymore you may stop at any point in the survey. All participants must be at least 18 years of age or otherwise have permission from their parents to make this survey.
If you have any question you can contact us at y.j.m.laheij@student.vu.nl",Do you currently have a job?,Which gender do you identify with?,What year where you born in?,What is the highest level of education you finished? - Selected Choice,What is the highest level of education you finished? - Other - Text,Which social media do you at least use on a weekly basis? (You can choose more than one option) - Selected Choice,Which social media do you at least use on a weekly basis? (You can choose more than one option) - Other - Text,How many hours do you use social media for personal use on an average day?,Which social media do you use the longest while working? - Selected Choice,Which social media do you use the longest while working? - Other - Text,Main reason to use social media at work - Selected Choice,Main reason to use social media at work - Other - Text,When do you most often use social media?,How many hours do you use social media for personal use on an average day while working?,"This part of the questionnaire will be about cyberloafing. As discussed at the beginning of the questionnaire: The definition of cyberloafing entails being at work and using internet for personal, non-work related purposes. - I check my friends’ posts during working hours","This part of the questionnaire will be about cyberloafing. As discussed at the beginning of the questionnaire: The definition of cyberloafing entails being at work and using internet for personal, non-work related purposes. - I check my friends’ social networking profiles during working hours","This part of the questionnaire will be about cyberloafing. As discussed at the beginning of the questionnaire: The definition of cyberloafing entails being at work and using internet for personal, non-work related purposes. - I share content on social networks (photo, video, etc.) during working hours","This part of the questionnaire will be about cyberloafing. As discussed at the beginning of the questionnaire: The definition of cyberloafing entails being at work and using internet for personal, non-work related purposes. - I ‘like’ posts that are interesting during working hours","This part of the questionnaire will be about cyberloafing. As discussed at the beginning of the questionnaire: The definition of cyberloafing entails being at work and using internet for personal, non-work related purposes. - I comment on shared photos during working hours","This part of the questionnaire will be about cyberloafing. As discussed at the beginning of the questionnaire: The definition of cyberloafing entails being at work and using internet for personal, non-work related purposes. - I post status updates on social networks during working hours","This part of the questionnaire will be about cyberloafing. As discussed at the beginning of the questionnaire: The definition of cyberloafing entails being at work and using internet for personal, non-work related purposes. - I tag friends on photos during working hours","This part of the questionnaire will be about cyberloafing. As discussed at the beginning of the questionnaire: The definition of cyberloafing entails being at work and using internet for personal, non-work related purposes. - I chat with friends online during working hours","This part of the questionnaire will be about cyberloafing. As discussed at the beginning of the questionnaire: The definition of cyberloafing entails being at work and using internet for personal, non-work related purposes. - I watch shared videos online during working hours",The next questions will be related to your online shopping behaviour while working. - I shop online during working hours,The next questions will be related to your online shopping behaviour while working. - I visit deal-of-the-day websites during working hours,The next questions will be related to your online shopping behaviour while working. - I visit online shopping sites during working hours,The next questions will be related to your online shopping behaviour while working. - I visit auction sites during working hours,"The next questions will be related to your online shopping behaviour while working. - Please answer this question with ""somewhat disagree""",The next questions will be related to your online shopping behaviour while working. - I use online banking services during working hours,The next questions will be related to your online shopping behaviour while working. - I visit online shops for used products during working hours,The next questions will be related to your online shopping behaviour while working. - I check job advertisements during working hours,In this part there will be some short questions about accessing online content during work hours. - I watch videos online during working hours,In this part there will be some short questions about accessing online content during work hours. - I listen to music online during working hours,"In this part there will be some short questions about accessing online content during work hours. - I download applications (e.g., software/program) I need during working hours",In this part there will be some short questions about accessing online content during work hours. - I check online sport sites during working hours,In this part there will be some short questions about accessing online content during work hours. - I play online games during working hours,"The last questions will be related to productivity, after this the survey will be finished. The following question is: During the past week, how frequently did you... - Arrive at work late or leave work early","The last questions will be related to productivity, after this the survey will be finished. The following question is: During the past week, how frequently did you... - Take longer lunch hours or coffee breaks?","The last questions will be related to productivity, after this the survey will be finished. The following question is: During the past week, how frequently did you... - Just do no work at times when you would be expected to be working?","The last questions will be related to productivity, after this the survey will be finished. The following question is: During the past week, how frequently did you... - Find yourself daydreaming, worrying, or staring into space when you should be working?","The last questions will be related to productivity, after this the survey will be finished. The following question is: During the past week, how frequently did you... - Find you have forgotten to call someone?","The last questions will be related to productivity, after this the survey will be finished. The following question is: During the past week, how frequently did you... - Find you have forgotten to respond to a request?","The last questions will be related to productivity, after this the survey will be finished. The following question is: During the past week, how frequently did you... - Become annoyed with or irritated by co-workers, boss/supervisor, clients/customers/vendors or others?","The last questions will be related to productivity, after this the survey will be finished. The following question is: During the past week, how frequently did you... - Become impatient with others at work?","The last questions will be related to productivity, after this the survey will be finished. The following question is: During the past week, how frequently did you... - Avoid attending meetings?","The last questions will be related to productivity, after this the survey will be finished. The following question is: During the past week, how frequently did you... - Avoid interaction with co-workers, clients, vendors, or supervisors?","The last questions will be related to productivity, after this the survey will be finished. The following question is: During the past week, how frequently did you... - Find it difficult to concentrate on the task at hand?","The last questions will be related to productivity, after this the survey will be finished. The following question is: During the past week, how frequently did you... - Fall asleep unexpectedly or become very sleepy while at work?","The last questions will be related to productivity, after this the survey will be finished. The following question is: During the past week, how frequently did you... - Become restless while at work?","The last questions will be related to productivity, after this the survey will be finished. The following question is: During the past week, how frequently did you... - Notice that your productivity for the time spent is lower than expected?","The last questions will be related to productivity, after this the survey will be finished. The following question is: During the past week, how frequently did you... - Notice that your efficiency for the time spent is lower than expected?","The last questions will be related to productivity, after this the survey will be finished. The following question is: During the past week, how frequently did you... - Lose interest or become bored with your work?","The last questions will be related to productivity, after this the survey will be finished. The following question is: During the past week, how frequently did you... - Not want to return phone calls or put off returning phone calls?"
"{""ImportId"":""startDate"",""timeZone"":""America/Denver""}","{""ImportId"":""endDate"",""timeZone"":""America/Denver""}","{""ImportId"":""status""}","{""ImportId"":""ipAddress""}","{""ImportId"":""progress""}","{""ImportId"":""duration""}","{""ImportId"":""finished""}","{""ImportId"":""recordedDate"",""timeZone"":""America/Denver""}","{""ImportId"":""_recordId""}","{""ImportId"":""recipientLastName""}","{""ImportId"":""recipientFirstName""}","{""ImportId"":""recipientEmail""}","{""ImportId"":""externalDataReference""}","{""ImportId"":""locationLatitude""}","{""ImportId"":""locationLongitude""}","{""ImportId"":""distributionChannel""}","{""ImportId"":""userLanguage""}","{""ImportId"":""QID3""}","{""ImportId"":""QID20""}","{""ImportId"":""QID4""}","{""ImportId"":""QID5""}","{""ImportId"":""QID6""}","{""ImportId"":""QID6_7_TEXT""}","{""ImportId"":""QID11""}","{""ImportId"":""QID11_9_TEXT""}","{""ImportId"":""QID12""}","{""ImportId"":""QID13""}","{""ImportId"":""QID13_5_TEXT""}","{""ImportId"":""QID14""}","{""ImportId"":""QID14_5_TEXT""}","{""ImportId"":""QID16""}","{""ImportId"":""QID24""}","{""ImportId"":""QID19_1""}","{""ImportId"":""QID19_2""}","{""ImportId"":""QID19_3""}","{""ImportId"":""QID19_4""}","{""ImportId"":""QID19_5""}","{""ImportId"":""QID19_6""}","{""ImportId"":""QID19_7""}","{""ImportId"":""QID19_8""}","{""ImportId"":""QID19_9""}","{""ImportId"":""QID21_1""}","{""ImportId"":""QID21_2""}","{""ImportId"":""QID21_3""}","{""ImportId"":""QID21_4""}","{""ImportId"":""QID21_5""}","{""ImportId"":""QID21_6""}","{""ImportId"":""QID21_7""}","{""ImportId"":""QID21_8""}","{""ImportId"":""QID22_1""}","{""ImportId"":""QID22_2""}","{""ImportId"":""QID22_3""}","{""ImportId"":""QID22_4""}","{""ImportId"":""QID22_5""}","{""ImportId"":""QID23_1""}","{""ImportId"":""QID23_2""}","{""ImportId"":""QID23_3""}","{""ImportId"":""QID23_4""}","{""ImportId"":""QID23_5""}","{""ImportId"":""QID23_6""}","{""ImportId"":""QID23_7""}","{""ImportId"":""QID23_8""}","{""ImportId"":""QID23_9""}","{""ImportId"":""QID23_10""}","{""ImportId"":""QID23_11""}","{""ImportId"":""QID23_12""}","{""ImportId"":""QID23_13""}","{""ImportId"":""QID23_14""}","{""ImportId"":""QID23_15""}","{""ImportId"":""QID23_16""}","{""ImportId"":""QID23_17""}"
2021-06-18 11:54:00,2021-06-18 11:59:15,IP Address,84.107.148.214,100,314,True,2021-06-18 11:59:15,R_1M5waPSQQzjgbWm,,,,,52.7472991943359375,5.21240234375,anonymous,EN,I Consent,"Yes, I do",Female,1997+,Bachelors Degree,,"Instagram,Youtube,Snapchat,Tiktok,Whatsapp",,More than 5 Hours,Whatsapp,,Knowledge sharing,,Free time,Less than 1 Hour,Somewhat agree,Strongly Disagree,Strongly Disagree,Neither agree nor disagree,Disagree,Strongly Disagree,Strongly Disagree,Agree,Disagree,Somewhat disagree,Strongly Disagree,Disagree,Strongly Disagree,Somewhat disagree,Disagree,Strongly Disagree,Strongly Disagree,Strongly Disagree,Strongly Disagree,Strongly Disagree,Strongly Disagree,Strongly Disagree,Rarely,Sometimes,Never,Sometimes,Rarely,Rarely,Sometimes,Sometimes,Rarely,Rarely,Never,Never,Rarely,Rarely,Rarely,Sometimes,Sometimes
2021-06-18 11:55:21,2021-06-18 12:04:30,IP Address,178.85.35.216,100,548,True,2021-06-18 12:04:30,R_1hzJ2lawwMJGVt3,,,,,52.492095947265625,4.9669952392578125,anonymous,EN,I Consent,"Yes, I do",Male,1997+,High School Graduate,,"Youtube,Reddit,Whatsapp",,1-3 Hours,Whatsapp,,Socializing,,Free time,Less than 1 Hour,Strongly Disagree,Strongly Disagree,Strongly Disagree,Strongly Disagree,Strongly Disagree,Strongly Disagree,Strongly Disagree,Somewhat agree,Strongly Disagree,Strongly Disagree,Strongly Disagree,Strongly Disagree,Strongly Disagree,Somewhat disagree,Strongly Disagree,Strongly Disagree,,Somewhat disagree,Agree,Strongly agree,Strongly Disagree,Strongly Disagree,Never,Never,Rarely,Rarely,Rarely,Rarely,Sometimes,Sometimes,Never,Rarely,Sometimes,Rarely,Never,Sometimes,Sometimes,Sometimes,Sometimes
2021-06-18 12:17:26,2021-06-18 12:20:38,IP Address,87.214.57.167,100,192,True,2021-06-18 12:20:39,R_r10zipu46SF8PU5,,,,,52.378204345703125,4.852996826171875,anonymous,EN,I Consent,"Yes, I do",Female,1997+,High School Graduate,,"Instagram,Facebook,Youtube,Snapchat,Tiktok,Whatsapp",,3-5 Hours,Whatsapp,,Socializing,,None specifically,1-3 Hours,Somewhat agree,Somewhat disagree,Disagree,Somewhat agree,Neither agree nor disagree,Disagree,Disagree,Somewhat agree,Disagree,Disagree,Disagree,Disagree,Disagree,Somewhat disagree,Somewhat agree,Disagree,Disagree,Disagree,Disagree,Somewhat disagree,Disagree,Disagree,Never,Rarely,Sometimes,Sometimes,Rarely,Sometimes,Sometimes,Sometimes,Never,Rarely,Often,Sometimes,Often,Often,Often,Often,Rarely
2021-06-18 12:17:43,2021-06-18 12:24:18,IP Address,84.87.23.66,100,395,True,2021-06-18 12:24:18,R_1GDP2lqkjOqmhQV,,,,,52.3805999755859375,4.8737945556640625,anonymous,EN,I Consent,"Yes, I do",Male,1984-1996,Masters Degree,,"Instagram,Youtube,Whatsapp",,1-3 Hours,Whatsapp,,Socializing,,Free time,Less than 1 Hour,Strongly Disagree,Strongly Disagree,Strongly Disagree,Strongly Disagree,Strongly Disagree,Strongly Disagree,Strongly Disagree,Agree,Strongly Disagree,Strongly Disagree,Strongly Disagree,Strongly Disagree,Strongly Disagree,Somewhat disagree,Strongly Disagree,Strongly Disagree,Strongly Disagree,Strongly Disagree,Somewhat agree,Strongly Disagree,Strongly Disagree,Strongly Disagree,Rarely,Never,Never,Rarely,Sometimes,Rarely,Rarely,Rarely,Never,Never,Rarely,Never,Rarely,Never,Rarely,Rarely,Never
2021-06-18 12:26:29,2021-06-18 12:32:52,IP Address,84.87.23.66,100,383,True,2021-06-18 12:32:52,R_3fNLkCNgNSuBGGT,,,,,52.3805999755859375,4.8737945556640625,anonymous,EN,I Consent,"Yes, I do",Female,1984-1996,Masters Degree,,"Instagram,Youtube,Whatsapp",,1-3 Hours,Whatsapp,,Socializing,,Free time,Less than 1 Hour,Somewhat agree,Disagree,Disagree,Somewhat agree,Somewhat agree,Disagree,Strongly Disagree,Agree,Strongly Disagree,Disagree,Somewhat agree,Somewhat disagree,Strongly Disagree,Somewhat disagree,Somewhat agree,Strongly Disagree,Somewhat agree,Strongly Disagree,Neither agree nor disagree,Agree,Strongly Disagree,Strongly Disagree,Rarely,Sometimes,Rarely,Sometimes,Never,Never,Rarely,Rarely,Never,Never,Rarely,Never,Sometimes,Sometimes,Never,Sometimes,Never
2021-06-18 12:34:32,2021-06-18 12:38:48,IP Address,213.127.50.170,100,256,True,2021-06-18 12:38:48,R_215kYapuCLlILeM,,,,,52.32940673828125,4.8739013671875,anonymous,EN,I Consent,"Yes, I do",Male,1997+,Masters Degree,,"Instagram,Facebook,Youtube,Snapchat,Whatsapp",,1-3 Hours,Whatsapp,,Socializing,,Free time,Less than 1 Hour,Somewhat disagree,Strongly Disagree,Strongly Disagree,Somewhat agree,Disagree,Strongly Disagree,Strongly Disagree,Agree,Neither agree nor disagree,Strongly Disagree,Strongly Disagree,Strongly Disagree,Strongly Disagree,Somewhat disagree,Strongly Disagree,Strongly Disagree,Strongly Disagree,Somewhat disagree,Disagree,Somewhat agree,Neither agree nor disagree,Disagree,Never,Sometimes,Rarely,Never,Rarely,Never,Never,Never,Never,Never,Rarely,Never,Rarely,Rarely,Rarely,Rarely,Never
2021-06-18 12:40:27,2021-06-18 12:41:08,IP Address,80.60.229.223,100,40,True,2021-06-18 12:41:08,R_21FmX3vQ4BiYOYq,,,,,52.6945037841796875,5.2433013916015625,anonymous,EN,I Consent,"No, I do not",,,,,,,,,,,,,,,,,,,,,,,,,,,,,,,,,,,,,,,,,,,,,,,,,,,,
2021-06-18 12:39:32,2021-06-18 12:44:42,IP Address,84.27.147.21,100,309,True,2021-06-18 12:44:42,R_yIRIe6KhgtzO7QZ,,,,,52.6945037841796875,5.2433013916015625,anonymous,EN,I Consent,"Yes, I do",Male,1997+,High School Graduate,,"Instagram,Youtube,Snapchat,Tiktok,Whatsapp",,1-3 Hours,Instagram,,Other,Spending time,Free time,Less than 1 Hour,Somewhat disagree,Strongly Disagree,Neither agree nor disagree,Neither agree nor disagree,Strongly Disagree,Strongly Disagree,Disagree,Disagree,Neither agree nor disagree,Strongly Disagree,Strongly Disagree,Strongly Disagree,Strongly Disagree,Somewhat disagree,Neither agree nor disagree,Strongly Disagree,Strongly Disagree,Somewhat disagree,Agree,Neither agree nor disagree,Somewhat agree,Somewhat agree,Rarely,Often,Rarely,Rarely,Rarely,Rarely,Sometimes,Sometimes,Never,Rarely,Never,Never,Never,Sometimes,Sometimes,Sometimes,Never
2021-06-18 12:58:31,2021-06-18 13:12:22,IP Address,84.107.127.102,100,830,True,2021-06-18 13:12:22,R_1Ii4qva6MKiIATM,,,,,52.7001953125,5.29010009765625,anonymous,EN,I Consent,"Yes, I do",Non-binary / third gender,1997+,High School Graduate,,"Instagram,Twitter,Youtube,Reddit,Tiktok,Whatsapp",,1-3 Hours,Twitter,,Other,passing time,Free time,1 Hour,Agree,Somewhat agree,Somewhat agree,Strongly agree,Somewhat agree,Somewhat agree,Disagree,Strongly agree,Somewhat disagree,Strongly Disagree,Strongly Disagree,Somewhat agree,Strongly Disagree,Somewhat disagree,Strongly Disagree,Strongly Disagree,Strongly Disagree,Strongly Disagree,Strongly Disagree,Strongly Disagree,Strongly Disagree,Somewhat agree,Rarely,Rarely,Rarely,Often,Never,,Sometimes,Sometimes,Never,Rarely,Almost Always,Rarely,Almost Always,Sometimes,Sometimes,Almost Always,Sometimes
2021-06-18 13:18:40,2021-06-18 13:30:39,IP Address,84.106.155.72,100,719,True,2021-06-18 13:30:40,R_rl7AtfH0uvxKNuF,,,,,52.713897705078125,5.2801055908203125,anonymous,EN,I Consent,"Yes, I do",Male,1997+,High School Graduate,,"Instagram,Youtube,Reddit,Snapchat,Whatsapp",,1-3 Hours,Other,Youtube,Socializing,,Free time,1-3 Hours,Somewhat disagree,Disagree,Strongly Disagree,Disagree,Disagree,Strongly Disagree,Strongly Disagree,Somewhat agree,Neither agree nor disagree,Disagree,Disagree,Disagree,Disagree,Somewhat disagree,Disagree,Disagree,Disagree,Somewhat agree,Strongly agree,Strongly agree,Agree,Neither agree nor disagree,Rarely,Rarely,Never,Rarely,Sometimes,Rarely,Sometimes,Sometimes,Never,Never,Often,Never,Sometimes,Often,Often,Often,Rarely
2021-06-18 14:29:09,2021-06-18 14:41:24,IP Address,178.85.35.216,100,734,True,2021-06-18 14:41:24,R_3hzhOS2bqyc4IA8,,,,,52.492095947265625,4.9669952392578125,anonymous,EN,I Consent,"Yes, I do",Female,1960-1983,Bachelors Degree,,Other,,Less than 1 Hour,Other,,Socializing,,Free time,Less than 1 Hour,Strongly Disagree,Strongly Disagree,Strongly Disagree,Strongly Disagree,Strongly Disagree,Strongly Disagree,Strongly Disagree,Strongly Disagree,Strongly Disagree,Strongly Disagree,Strongly Disagree,Strongly Disagree,Strongly Disagree,Somewhat disagree,Strongly Disagree,Strongly Disagree,Strongly Disagree,Strongly Disagree,Strongly Disagree,Strongly Disagree,Strongly Disagree,Strongly Disagree,Never,Never,Never,Never,Rarely,Rarely,Rarely,Rarely,Never,Never,Rarely,Never,Sometimes,Rarely,Rarely,Never,Never
2021-06-18 13:39:46,2021-06-18 19:18:36,IP Address,77.251.170.44,100,20329,True,2021-06-18 19:18:36,R_TaPlYNZ1Dn8MMlX,,,,,51.8251953125,4.2548980712890625,anonymous,EN,I Consent,"Yes, I do",Male,1997+,High School Graduate,,"Instagram,Youtube,Snapchat,Whatsapp",,1-3 Hours,Instagram,,Other,,Free time,1-3 Hours,Neither agree nor disagree,Disagree,Disagree,Agree,Agree,Strongly Disagree,Somewhat agree,Strongly agree,Agree,Strongly Disagree,Strongly Disagree,Neither agree nor disagree,Strongly Disagree,Somewhat disagree,Agree,Somewhat agree,Somewhat agree,Agree,Agree,Disagree,Disagree,Disagree,Rarely,Rarely,Rarely,Rarely,Rarely,Rarely,Sometimes,Sometimes,Sometimes,Sometimes,Rarely,Rarely,Rarely,Sometimes,Sometimes,Sometimes,Rarely
2021-06-19 01:44:43,2021-06-19 01:45:10,IP Address,80.100.38.219,100,26,True,2021-06-19 01:45:10,R_1MK9z2GJXxtFrn9,,,,,52.0814971923828125,6.44940185546875,anonymous,EN,I Consent,"No, I do not",,,,,,,,,,,,,,,,,,,,,,,,,,,,,,,,,,,,,,,,,,,,,,,,,,,,
2021-06-19 01:45:19,2021-06-19 01:49:45,IP Address,80.100.38.219,100,266,True,2021-06-19 01:49:46,R_VUdEH6ilJcI4m0V,,,,,52.0814971923828125,6.44940185546875,anonymous,EN,I Consent,"Yes, I do",Female,1997+,High School Graduate,,"Instagram,Twitter,Youtube,Snapchat,Tiktok,Whatsapp",,More than 5 Hours,Instagram,,Socializing,,Free time,1-3 Hours,Disagree,Disagree,Disagree,Somewhat disagree,Somewhat disagree,Strongly Disagree,Strongly Disagree,Somewhat disagree,Somewhat disagree,Disagree,Disagree,Disagree,Strongly Disagree,Somewhat disagree,Somewhat disagree,Strongly Disagree,Somewhat agree,Disagree,Somewhat disagree,Strongly Disagree,Strongly Disagree,Strongly Disagree,Rarely,Rarely,Rarely,Sometimes,Rarely,Sometimes,Often,Rarely,Never,Rarely,Rarely,Sometimes,Often,Rarely,Rarely,Often,Sometimes
2021-06-19 01:44:49,2021-06-19 01:57:04,IP Address,80.112.80.255,100,734,True,2021-06-19 01:57:04,R_40dMLs1ueAnJJbb,,,,,52.7700042724609375,5.1042022705078125,anonymous,EN,I Consent,"Yes, I do",Female,1997+,High School Graduate,,"Instagram,Whatsapp",,1 Hour,Whatsapp,,Socializing,,Free time,Less than 1 Hour,Disagree,Disagree,Strongly Disagree,Disagree,Disagree,Strongly Disagree,Strongly Disagree,Somewhat agree,Disagree,Strongly Disagree,Strongly Disagree,Strongly Disagree,Strongly Disagree,Somewhat disagree,Strongly Disagree,Strongly Disagree,Strongly Disagree,Strongly Disagree,Somewhat agree,Strongly Disagree,Strongly Disagree,Strongly Disagree,Rarely,Rarely,Rarely,Rarely,Never,Never,Rarely,Rarely,Never,Never,Rarely,Never,Rarely,Rarely,Rarely,Rarely,Rarely
2021-06-19 02:39:07,2021-06-19 02:39:32,IP Address,80.60.229.140,100,25,True,2021-06-19 02:39:32,R_YaDlMFW8d0mrRV7,,,,,52.699493408203125,5.1781005859375,anonymous,EN,I Consent,"No, I do not",,,,,,,,,,,,,,,,,,,,,,,,,,,,,,,,,,,,,,,,,,,,,,,,,,,,
2021-06-19 02:44:36,2021-06-19 02:49:42,IP Address,83.81.69.91,100,306,True,2021-06-19 02:49:43,R_2q4yjfv2Hj4yOas,,,,,52.4777069091796875,4.648406982421875,anonymous,EN,I Consent,"Yes, I do",Male,1997+,High School Graduate,,"Instagram,Youtube,Snapchat,Tiktok,Whatsapp",,1-3 Hours,Instagram,,Socializing,,Free time,1-3 Hours,Agree,Agree,Somewhat agree,Strongly agree,Agree,Agree,Somewhat agree,Strongly agree,Strongly agree,Disagree,Disagree,Somewhat disagree,Strongly Disagree,Somewhat disagree,Agree,Strongly Disagree,Somewhat disagree,Agree,Agree,Disagree,Strongly agree,Somewhat agree,Never,Never,Sometimes,Sometimes,Never,Rarely,Sometimes,Sometimes,Never,Sometimes,Rarely,Never,Sometimes,Sometimes,Rarely,Often,Never
2021-06-19 03:13:53,2021-06-19 03:18:39,IP Address,77.160.5.18,100,286,True,2021-06-19 03:18:40,R_1LZoKH1dQUZ7OFY,,,,,52.4835968017578125,4.685394287109375,anonymous,EN,I Consent,"Yes, I do",Female,1997+,High School Graduate,,"Instagram,Facebook,Youtube,Snapchat,Whatsapp",,1-3 Hours,Whatsapp,,Socializing,,Free time,Less than 1 Hour,Neither agree nor disagree,Disagree,Disagree,Somewhat disagree,Disagree,Disagree,Neither agree nor disagree,Somewhat agree,Disagree,Strongly Disagree,Strongly Disagree,Disagree,Disagree,Somewhat disagree,Disagree,Disagree,Strongly Disagree,Strongly Disagree,Neither agree nor disagree,Disagree,Disagree,Strongly Disagree,Never,Never,Rarely,Rarely,Rarely,Rarely,Never,Rarely,Never,Rarely,Rarely,Rarely,Rarely,Sometimes,Sometimes,Rarely,Rarely
2021-06-19 03:41:15,2021-06-19 03:49:17,IP Address,83.81.69.91,100,481,True,2021-06-19 03:49:17,R_3NV80cOuf55lEDD,,,,,52.4777069091796875,4.648406982421875,anonymous,EN,I Consent,"Yes, I do",Female,1960-1983,Bachelors Degree,,"Instagram,Facebook,Youtube,Whatsapp",,1 Hour,Whatsapp,,Knowledge sharing,,Free time,Less than 1 Hour,Disagree,Disagree,Disagree,Disagree,Disagree,Disagree,Disagree,Neither agree nor disagree,Somewhat disagree,,,,,,,,,,Somewhat disagree,Disagree,Somewhat disagree,Neither agree nor disagree,Rarely,Never,Rarely,Rarely,Sometimes,Sometimes,Sometimes,Sometimes,Rarely,Sometimes,Sometimes,Rarely,Rarely,Sometimes,Sometimes,Rarely,Sometimes
2021-06-19 03:48:28,2021-06-19 03:57:11,IP Address,83.81.69.91,100,522,True,2021-06-19 03:57:12,R_2rGAcmfa0Hvnngn,,,,,52.4777069091796875,4.648406982421875,anonymous,EN,I Consent,"Yes, I do",Male,1960-1983,High School Graduate,,"Facebook,Whatsapp",,1 Hour,Whatsapp,,Socializing,,Free time,Less than 1 Hour,Disagree,Disagree,Strongly Disagree,Disagree,Disagree,Disagree,Disagree,Agree,Somewhat agree,Somewhat agree,Disagree,Somewhat agree,Disagree,Somewhat disagree,Agree,Disagree,Disagree,Agree,Somewhat agree,Disagree,Agree,Strongly Disagree,Rarely,Rarely,Sometimes,Sometimes,Sometimes,Sometimes,Sometimes,Sometimes,Rarely,Rarely,Rarely,Rarely,Rarely,Rarely,Rarely,Rarely,Rarely
2021-06-19 03:41:33,2021-06-19 04:14:27,IP Address,80.60.229.140,100,1974,True,2021-06-19 04:14:27,R_3oFTh5U8m9seHSu,,,,,52.699493408203125,5.1781005859375,anonymous,EN,I Consent,"No, I do not",,,,,,,,,,,,,,,,,,,,,,,,,,,,,,,,,,,,,,,,,,,,,,,,,,,,
2021-06-19 04:09:15,2021-06-19 04:16:44,IP Address,84.107.140.223,100,448,True,2021-06-19 04:16:44,R_509E4gno6242O53,,,,,52.6945037841796875,5.2433013916015625,anonymous,EN,I Consent,"Yes, I do",Male,1997+,High School Graduate,,"Instagram,Twitter,Youtube,Snapchat,Tiktok,Whatsapp",,More than 5 Hours,Other,discord,Socializing,,Free time,1-3 Hours,Somewhat agree,Disagree,Disagree,Agree,Disagree,Somewhat disagree,Strongly Disagree,Agree,Somewhat agree,Disagree,Strongly Disagree,Strongly Disagree,Strongly Disagree,Somewhat disagree,Somewhat disagree,Strongly Disagree,Strongly Disagree,Disagree,Somewhat agree,Agree,Agree,Somewhat agree,Never,Rarely,Sometimes,Rarely,Rarely,Rarely,Sometimes,Sometimes,Never,Never,Rarely,Rarely,Sometimes,Sometimes,Rarely,Sometimes,Sometimes
2021-06-19 07:06:22,2021-06-19 07:10:23,IP Address,77.175.205.253,100,240,True,2021-06-19 07:10:23,R_2TRfR1eNyLNL7uY,,,,,52.1316986083984375,5.4167022705078125,anonymous,EN,I Consent,"Yes, I do",Female,1997+,High School Graduate,,"Instagram,Snapchat,Whatsapp",,1-3 Hours,Whatsapp,,Socializing,,Free time,Less than 1 Hour,Agree,Disagree,Disagree,Agree,Agree,Disagree,Somewhat disagree,Strongly agree,Somewhat agree,Somewhat disagree,Strongly Disagree,Neither agree nor disagree,Strongly Disagree,Somewhat disagree,Strongly agree,Strongly Disagree,Disagree,Disagree,Strongly Disagree,Neither agree nor disagree,Somewhat agree,Somewhat agree,Rarely,Often,Sometimes,Rarely,Often,Often,Rarely,Never,Never,Rarely,Often,Rarely,Often,Rarely,Sometimes,Almost Always,Rarely
2021-06-19 07:08:53,2021-06-19 07:17:22,IP Address,82.170.134.131,100,509,True,2021-06-19 07:17:22,R_51M9Gyo6uU68iat,,,,,52.184906005859375,5.3954010009765625,anonymous,EN,I Consent,"Yes, I do",Male,1960-1983,High School Graduate,,"Facebook,Youtube,Whatsapp,Other",Linkedin,Less than 1 Hour,Whatsapp,,Business,,Free time,Less than 1 Hour,Somewhat agree,Strongly Disagree,Somewhat agree,Somewhat agree,Somewhat agree,Somewhat agree,Neither agree nor disagree,Somewhat agree,Somewhat agree,Somewhat agree,Somewhat agree,Somewhat agree,Neither agree nor disagree,Somewhat disagree,Somewhat agree,Somewhat agree,Somewhat agree,Somewhat disagree,Strongly Disagree,Disagree,Somewhat agree,Somewhat agree,Sometimes,Never,Rarely,Never,Rarely,Rarely,Rarely,Rarely,Rarely,Sometimes,Rarely,Never,Rarely,Sometimes,Sometimes,Sometimes,Rarely
2021-06-19 07:20:26,2021-06-19 07:25:09,IP Address,82.170.134.131,100,283,True,2021-06-19 07:25:10,R_2rC4mWa2rm8WAvT,,,,,52.184906005859375,5.3954010009765625,anonymous,EN,I Consent,"Yes, I do",Male,1997+,Bachelors Degree,,"Instagram,Twitter,Facebook,Youtube,Reddit,Snapchat,Whatsapp",,1-3 Hours,Whatsapp,,Networking,,Free time,Less than 1 Hour,Strongly Disagree,Disagree,Disagree,Strongly Disagree,Disagree,Disagree,Strongly Disagree,Neither agree nor disagree,Strongly Disagree,Strongly Disagree,Strongly Disagree,Strongly Disagree,Strongly Disagree,Strongly Disagree,Somewhat disagree,Strongly Disagree,Strongly Disagree,Strongly Disagree,Somewhat disagree,Strongly Disagree,Agree,Strongly Disagree,Never,Rarely,Rarely,Rarely,Never,Sometimes,Sometimes,Sometimes,Never,Rarely,Rarely,Never,Rarely,Rarely,Rarely,Rarely,Sometimes
2021-06-19 07:20:44,2021-06-19 07:28:00,IP Address,82.170.134.131,100,435,True,2021-06-19 07:28:00,R_3hfkI8slFf91wvb,,,,,52.184906005859375,5.3954010009765625,anonymous,EN,I Consent,"Yes, I do",Female,1997+,Bachelors Degree,,"Instagram,Facebook,Snapchat,Tiktok,Whatsapp",,3-5 Hours,Whatsapp,,Socializing,,Free time,3-5 Hours,Somewhat agree,Neither agree nor disagree,Somewhat disagree,Somewhat agree,Neither agree nor disagree,Disagree,Somewhat disagree,Agree,Neither agree nor disagree,Disagree,Disagree,Somewhat disagree,Strongly Disagree,Somewhat disagree,Neither agree nor disagree,Disagree,Neither agree nor disagree,Somewhat agree,Somewhat agree,Agree,Disagree,Disagree,Rarely,Sometimes,Never,Sometimes,Sometimes,Sometimes,Rarely,Rarely,Never,Rarely,Rarely,Rarely,Sometimes,Rarely,Rarely,Sometimes,Rarely
2021-06-19 08:19:51,2021-06-19 08:32:07,IP Address,147.161.173.84,100,736,True,2021-06-19 08:32:07,R_1Cdz0VRf6Z7cAGw,,,,,52.3824005126953125,4.899505615234375,anonymous,EN,I Consent,"Yes, I do",Male,1960-1983,High School Graduate,,"Youtube,Whatsapp",,1 Hour,Whatsapp,,Socializing,,Free time,Less than 1 Hour,Agree,Agree,Somewhat agree,Agree,Agree,Somewhat agree,Somewhat agree,Somewhat agree,Neither agree nor disagree,Somewhat disagree,Somewhat disagree,Somewhat disagree,Somewhat disagree,Somewhat disagree,Disagree,Disagree,Disagree,Disagree,Agree,Strongly Disagree,Disagree,Strongly Disagree,Never,Often,Never,Rarely,Sometimes,Sometimes,Rarely,Sometimes,Often,Rarely,Never,Never,Never,Never,Never,Never,Rarely
2021-06-19 08:27:12,2021-06-19 08:32:56,IP Address,84.241.192.15,100,344,True,2021-06-19 08:32:57,R_3Phs7M7YqUr3lQu,,,,,52.360107421875,4.9217987060546875,anonymous,EN,I Consent,"Yes, I do",Female,1984-1996,Bachelors Degree,,"Instagram,Twitter,Facebook,Youtube,Whatsapp",,1-3 Hours,Whatsapp,,Socializing,,Free time,1 Hour,Neither agree nor disagree,Agree,Disagree,Somewhat agree,Disagree,Disagree,Disagree,Agree,Disagree,Somewhat agree,Disagree,Agree,Disagree,Somewhat disagree,Disagree,Disagree,Agree,Disagree,Strongly agree,Agree,Somewhat disagree,Strongly Disagree,Never,Sometimes,Sometimes,Sometimes,Never,Never,Often,Often,Rarely,Never,Often,Rarely,Sometimes,Often,Often,Never,Sometimes
2021-06-19 08:42:31,2021-06-19 08:51:47,IP Address,109.36.136.232,100,556,True,2021-06-19 08:51:48,R_1jE6Cl4XWn0U9l4,,,,,51.924896240234375,4.5222930908203125,anonymous,EN,I Consent,"Yes, I do",Male,1960-1983,Bachelors Degree,,"Facebook,Youtube,Whatsapp",,Less than 1 Hour,Whatsapp,,Business,,While At Work,Less than 1 Hour,Somewhat agree,Somewhat agree,Somewhat disagree,Somewhat agree,Somewhat agree,Somewhat disagree,Disagree,Somewhat agree,Somewhat agree,Somewhat disagree,Disagree,Somewhat disagree,Somewhat agree,Somewhat disagree,Agree,Somewhat agree,Somewhat agree,Somewhat disagree,Disagree,Neither agree nor disagree,Disagree,Agree,Never,Rarely,Sometimes,Never,Rarely,Never,Rarely,Never,Rarely,Never,Never,Never,Never,Rarely,Rarely,Rarely,Never
2021-06-19 09:44:21,2021-06-19 09:51:18,IP Address,77.175.205.253,100,417,True,2021-06-19 09:51:18,R_2WVC5ZHfCRdCvfB,,,,,52.1316986083984375,5.4167022705078125,anonymous,EN,I Consent,"Yes, I do",Male,1997+,High School Graduate,,"Instagram,Twitter,Youtube,Snapchat,Whatsapp",,3-5 Hours,Whatsapp,,Socializing,,Free time,1 Hour,Somewhat agree,Neither agree nor disagree,Somewhat agree,Agree,Agree,Strongly Disagree,Somewhat agree,Somewhat agree,Somewhat agree,Strongly Disagree,Strongly Disagree,Strongly Disagree,Strongly Disagree,Somewhat agree,Disagree,Strongly Disagree,Strongly Disagree,Somewhat agree,Somewhat agree,Strongly Disagree,Somewhat disagree,Somewhat agree,Never,Never,Never,Never,Rarely,Rarely,Never,Rarely,Never,Rarely,Never,Rarely,Rarely,Rarely,Sometimes,Rarely,Never
2021-06-18 12:43:12,2021-06-19 11:08:54,IP Address,83.84.104.21,100,80742,True,2021-06-19 11:08:54,R_29tDTgqX1WC0ihm,,,,,52.03680419921875,4.26800537109375,anonymous,EN,I Consent,"Yes, I do",Female,1997+,High School Graduate,,"Instagram,Facebook,Youtube,Snapchat,Tiktok,Whatsapp",,More than 5 Hours,Whatsapp,,Socializing,,Free time,1 Hour,Somewhat agree,Disagree,Somewhat disagree,Agree,Somewhat agree,Disagree,Strongly Disagree,Strongly agree,Disagree,Strongly Disagree,Strongly Disagree,Strongly Disagree,Strongly Disagree,Somewhat disagree,Disagree,Strongly Disagree,Strongly Disagree,Somewhat disagree,Somewhat agree,Strongly Disagree,Strongly Disagree,Strongly Disagree,Never,Sometimes,Sometimes,Sometimes,Sometimes,Never,Never,Rarely,Never,Rarely,Never,Rarely,Never,Almost Always,Almost Always,Rarely,Never
2021-06-19 12:57:58,2021-06-19 13:11:04,IP Address,178.85.35.216,100,785,True,2021-06-19 13:11:04,R_3Gf7TIxa7fLb1ww,,,,,52.492095947265625,4.9669952392578125,anonymous,EN,I Consent,"Yes, I do",Male,1960-1983,High School Graduate,,"Youtube,Whatsapp",,1-3 Hours,Whatsapp,,Networking,,Free time,1 Hour,Strongly Disagree,Strongly Disagree,Strongly Disagree,Strongly Disagree,Strongly Disagree,Strongly Disagree,Strongly Disagree,Agree,Strongly Disagree,Strongly Disagree,Strongly Disagree,Strongly Disagree,Strongly Disagree,Somewhat disagree,Strongly Disagree,Strongly Disagree,Strongly Disagree,Strongly Disagree,Strongly Disagree,Strongly Disagree,Strongly Disagree,Strongly Disagree,Sometimes,Rarely,Sometimes,Sometimes,Rarely,Rarely,Rarely,Sometimes,Never,Never,Sometimes,Never,Rarely,Never,Never,Never,Rarely
2021-06-20 01:32:38,2021-06-20 01:41:37,IP Address,82.170.4.166,100,538,True,2021-06-20 01:41:37,R_2CNazU8IGkEd877,,,,,52.1927947998046875,5.4199066162109375,anonymous,EN,I Consent,"Yes, I do",Female,1984-1996,Ph.D. or higher,,"Facebook,Youtube,Whatsapp",,1-3 Hours,Whatsapp,,Networking,,Free time,Less than 1 Hour,Somewhat disagree,Strongly Disagree,Strongly Disagree,Disagree,Strongly Disagree,Strongly Disagree,Strongly Disagree,Strongly Disagree,Disagree,Disagree,Disagree,Disagree,Disagree,Somewhat disagree,Somewhat agree,Disagree,Neither agree nor disagree,Disagree,Agree,Neither agree nor disagree,Disagree,Strongly Disagree,Never,Never,Never,Never,Sometimes,Sometimes,Sometimes,Sometimes,Rarely,Rarely,Rarely,Rarely,Sometimes,Rarely,Rarely,Sometimes,Sometimes
2021-06-20 02:45:44,2021-06-20 02:53:07,IP Address,83.81.69.91,100,442,True,2021-06-20 02:53:07,R_WdnX1Y4fgtqiJIB,,,,,52.4777069091796875,4.648406982421875,anonymous,EN,I Consent,"Yes, I do",Female,1984-1996,Bachelors Degree,,"Facebook,Whatsapp",,1 Hour,Whatsapp,,Networking,,Free time,Less than 1 Hour,Somewhat disagree,Somewhat agree,Disagree,Somewhat disagree,Disagree,Disagree,Disagree,Neither agree nor disagree,Strongly Disagree,Strongly Disagree,Strongly Disagree,Strongly Disagree,Strongly Disagree,Somewhat disagree,Somewhat agree,Strongly Disagree,Somewhat agree,Strongly Disagree,Somewhat disagree,Somewhat agree,Disagree,Strongly Disagree,Rarely,Rarely,Rarely,Rarely,Sometimes,Sometimes,Sometimes,Rarely,Never,Rarely,Rarely,Never,Rarely,Rarely,Rarely,Sometimes,Rarely
2021-06-20 02:54:00,2021-06-20 03:00:48,IP Address,83.81.69.91,100,407,True,2021-06-20 03:00:49,R_3fjI0oPGEehpOgs,,,,,52.4777069091796875,4.648406982421875,anonymous,EN,I Consent,"Yes, I do",Male,1984-1996,Masters Degree,,"Instagram,Facebook,Whatsapp,Other",linkedin,1-3 Hours,Whatsapp,,Business,,Free time,1 Hour,Somewhat disagree,Agree,Somewhat disagree,Somewhat disagree,Somewhat disagree,Disagree,Disagree,Somewhat agree,Strongly Disagree,Strongly Disagree,Strongly Disagree,Strongly Disagree,Strongly Disagree,Somewhat disagree,Agree,Strongly Disagree,Somewhat agree,Strongly Disagree,Disagree,Strongly agree,Somewhat disagree,Strongly Disagree,Never,Sometimes,Rarely,Rarely,Never,Never,Sometimes,Rarely,Never,Rarely,Rarely,Never,Rarely,Rarely,Rarely,Rarely,Never
2021-06-20 03:10:55,2021-06-20 03:12:53,IP Address,109.38.139.229,100,117,True,2021-06-20 03:12:53,R_3PMN3NMlaGKcX3j,,,,,52.3766021728515625,4.8350067138671875,anonymous,EN,I Consent,"No, I do not",,,,,,,,,,,,,,,,,,,,,,,,,,,,,,,,,,,,,,,,,,,,,,,,,,,,
2021-06-20 03:13:13,2021-06-20 03:19:16,IP Address,109.38.139.229,100,362,True,2021-06-20 03:19:16,R_2UYfOzLmzoHEEOd,,,,,52.3594970703125,4.8686065673828125,anonymous,EN,I Consent,"Yes, I do",Male,1997+,High School Graduate,,"Instagram,Facebook,Youtube,Reddit,Snapchat,Whatsapp",,1-3 Hours,Whatsapp,,Socializing,,Free time,Less than 1 Hour,Agree,Somewhat agree,Neither agree nor disagree,Strongly agree,Somewhat agree,Neither agree nor disagree,Somewhat disagree,Strongly agree,Somewhat disagree,Somewhat disagree,Disagree,Neither agree nor disagree,Neither agree nor disagree,Somewhat disagree,Strongly agree,Neither agree nor disagree,Somewhat agree,Disagree,Strongly agree,Strongly agree,Strongly agree,Somewhat disagree,Rarely,Sometimes,Sometimes,Often,Sometimes,Sometimes,Sometimes,Sometimes,Never,Rarely,Often,Rarely,Rarely,Sometimes,Sometimes,Sometimes,Often
2021-06-20 09:32:57,2021-06-20 09:40:00,IP Address,83.81.69.91,100,423,True,2021-06-20 09:40:00,R_D0LPDR6InIoCMSd,,,,,52.4777069091796875,4.648406982421875,anonymous,EN,I Consent,"Yes, I do",Male,1984-1996,High School Graduate,,"Instagram,Twitter,Facebook,Youtube,Whatsapp,Other",LinkedIn,1-3 Hours,Whatsapp,,Socializing,,Free time,1 Hour,Disagree,Strongly agree,Somewhat disagree,Neither agree nor disagree,Disagree,Somewhat disagree,Somewhat disagree,Agree,Disagree,Somewhat disagree,Strongly Disagree,Somewhat disagree,Strongly Disagree,Somewhat disagree,Somewhat agree,Somewhat disagree,Agree,Disagree,Strongly agree,Somewhat agree,Agree,Somewhat disagree,Never,Sometimes,Sometimes,Sometimes,Rarely,Rarely,Sometimes,Sometimes,Never,Rarely,Rarely,Rarely,Rarely,Sometimes,Sometimes,Often,Rarely
2021-06-20 09:44:29,2021-06-20 09:45:02,IP Address,92.109.199.175,100,32,True,2021-06-20 09:45:02,R_3p5s3NME42YNOy5,,,,,51.8845977783203125,4.5469970703125,anonymous,EN,I Consent,"No, I do not",,,,,,,,,,,,,,,,,,,,,,,,,,,,,,,,,,,,,,,,,,,,,,,,,,,,
2021-06-18 12:45:32,2021-06-20 09:51:53,IP Address,84.107.148.214,100,162380,True,2021-06-20 09:51:53,R_1LdFFzhDPZjlZ9D,,,,,52.7472991943359375,5.21240234375,anonymous,EN,I Consent,"Yes, I do",Female,1960-1983,Other,,"Whatsapp,Other",Linked inn,1 Hour,Whatsapp,,Business,,Free time,Less than 1 Hour,Somewhat agree,Somewhat agree,Disagree,Disagree,Disagree,Disagree,Disagree,Somewhat agree,Disagree,Strongly Disagree,Strongly Disagree,Strongly Disagree,Strongly Disagree,Somewhat agree,Strongly Disagree,Strongly Disagree,Strongly Disagree,Disagree,Disagree,Disagree,Disagree,Disagree,Never,Never,Rarely,Never,Never,Never,Rarely,Rarely,Never,Rarely,Rarely,Never,Never,Rarely,Rarely,Rarely,Rarely
2021-06-20 09:46:14,2021-06-20 09:52:34,IP Address,188.206.79.153,100,380,True,2021-06-20 09:52:35,R_qK3uFaIppUTve8h,,,,,52.3441009521484375,4.878204345703125,anonymous,EN,I Consent,"Yes, I do",Female,1984-1996,High School Graduate,,"Instagram,Twitter,Facebook,Youtube,Snapchat,Tiktok,Whatsapp",,1-3 Hours,Whatsapp,,Socializing,,Free time,1-3 Hours,Agree,Disagree,Somewhat agree,Agree,Somewhat agree,Somewhat agree,Somewhat agree,Somewhat agree,Somewhat agree,Somewhat agree,Disagree,Somewhat agree,Disagree,Somewhat disagree,Disagree,Disagree,Somewhat agree,Somewhat agree,Agree,Disagree,Agree,Somewhat agree,Never,Sometimes,Rarely,Never,Never,Never,Sometimes,Sometimes,Rarely,Rarely,Rarely,Rarely,Rarely,Rarely,Rarely,Rarely,Sometimes
2021-06-20 09:59:14,2021-06-20 10:06:05,IP Address,77.169.117.11,100,410,True,2021-06-20 10:06:06,R_3NKv1RgqTLSoVYd,,,,,51.8867034912109375,4.502593994140625,anonymous,EN,I Consent,"Yes, I do",Male,1997+,High School Graduate,,"Instagram,Facebook,Youtube,Snapchat,Whatsapp",,1-3 Hours,Whatsapp,,Socializing,,Free time,1 Hour,Somewhat agree,Strongly Disagree,Agree,Somewhat agree,Somewhat disagree,Somewhat agree,Somewhat agree,Agree,Somewhat disagree,Strongly Disagree,Strongly Disagree,Strongly Disagree,Strongly Disagree,Somewhat disagree,Neither agree nor disagree,Disagree,Neither agree nor disagree,Neither agree nor disagree,Disagree,Strongly Disagree,Neither agree nor disagree,Strongly Disagree,Never,Never,Never,Rarely,Sometimes,Sometimes,Rarely,Rarely,Never,Never,Never,Rarely,Never,Never,Rarely,Never,Never
2021-06-20 10:16:46,2021-06-20 10:23:40,IP Address,84.241.200.81,100,413,True,2021-06-20 10:23:40,R_2YzSznQgusL8Pq8,,,,,51.9221038818359375,4.4499969482421875,anonymous,EN,I Consent,"Yes, I do",Female,1997+,High School Graduate,,"Instagram,Youtube,Snapchat,Tiktok,Whatsapp",,1-3 Hours,Whatsapp,,Knowledge sharing,,Free time,Less than 1 Hour,Somewhat agree,Somewhat disagree,Somewhat agree,Agree,Somewhat agree,Somewhat disagree,Disagree,Somewhat agree,Somewhat agree,Disagree,Disagree,Disagree,Disagree,Somewhat disagree,Somewhat disagree,Disagree,Somewhat disagree,Neither agree nor disagree,Neither agree nor disagree,Somewhat disagree,Somewhat agree,Disagree,Rarely,Rarely,Rarely,Rarely,Often,Often,Sometimes,Sometimes,Sometimes,Sometimes,Rarely,Rarely,Rarely,Sometimes,Rarely,Rarely,Sometimes
2021-06-20 10:26:33,2021-06-20 10:33:08,IP Address,77.165.179.221,100,394,True,2021-06-20 10:33:08,R_3nwKfTmpxdyIZ2R,,,,,51.9474945068359375,4.4777069091796875,anonymous,EN,I Consent,"Yes, I do",Male,1984-1996,High School Graduate,,"Instagram,Facebook,Youtube,Whatsapp",,1-3 Hours,Whatsapp,,Knowledge sharing,,Free time,1 Hour,Somewhat agree,Disagree,Disagree,Neither agree nor disagree,Somewhat agree,Disagree,Somewhat agree,Agree,Somewhat agree,Somewhat agree,Disagree,Somewhat agree,Somewhat disagree,Somewhat disagree,Agree,Somewhat agree,Somewhat agree,Somewhat agree,Neither agree nor disagree,Somewhat agree,Neither agree nor disagree,Strongly Disagree,Rarely,Rarely,Rarely,Sometimes,Rarely,Rarely,Sometimes,Sometimes,Rarely,Rarely,Sometimes,Rarely,Sometimes,Rarely,Rarely,Sometimes,Rarely
2021-06-20 10:59:03,2021-06-20 11:00:44,IP Address,77.160.5.18,100,101,True,2021-06-20 11:00:45,R_3PfwYCPYtrthlF7,,,,,52.4835968017578125,4.685394287109375,anonymous,EN,I Consent,"Yes, I do",Female,Other,,,,,,,,,,,,,,,,,,,,,,,,,,,,,,,,,,,,,,,,,,,,,,,,,,
2021-06-20 11:01:24,2021-06-20 11:01:39,Spam,77.160.5.18,100,14,True,2021-06-20 11:01:39,R_3MFPW2YWAsMMWPi,,,,,52.4835968017578125,4.685394287109375,anonymous,EN,I Consent,"Yes, I do",Female,Other,,,,,,,,,,,,,,,,,,,,,,,,,,,,,,,,,,,,,,,,,,,,,,,,,,
2021-06-20 11:02:06,2021-06-20 11:02:17,Spam,77.160.5.18,100,11,True,2021-06-20 11:02:18,R_3izoMSOqVNqnqoA,,,,,52.4835968017578125,4.685394287109375,anonymous,EN,I Consent,"Yes, I do",Female,Other,,,,,,,,,,,,,,,,,,,,,,,,,,,,,,,,,,,,,,,,,,,,,,,,,,
2021-06-20 11:03:57,2021-06-20 11:15:34,IP Address,77.160.5.18,100,697,True,2021-06-20 11:15:35,R_2zo3AaRuBwaGjq3,,,,,52.4835968017578125,4.685394287109375,anonymous,EN,I Consent,"Yes, I do",Female,1960-1983,Masters Degree,,Whatsapp,,Less than 1 Hour,Whatsapp,,Knowledge sharing,,"Social occassions (together with friends, family, colleagues)",Less than 1 Hour,Somewhat agree,Somewhat agree,Neither agree nor disagree,Somewhat agree,Somewhat disagree,Somewhat disagree,Somewhat disagree,Somewhat disagree,Disagree,,Disagree,Somewhat disagree,Somewhat disagree,Somewhat disagree,Disagree,Disagree,Neither agree nor disagree,Somewhat disagree,Neither agree nor disagree,Somewhat agree,Somewhat disagree,Strongly Disagree,Rarely,Never,Never,Rarely,Sometimes,Sometimes,Sometimes,Sometimes,Rarely,Rarely,Sometimes,Rarely,Rarely,Rarely,Rarely,Rarely,Rarely
2021-06-20 11:21:30,2021-06-20 11:30:18,IP Address,89.205.227.182,100,527,True,2021-06-20 11:30:18,R_25SieUk1DZpAYIM,,,,,52.29620361328125,5.25360107421875,anonymous,EN,I Consent,"Yes, I do",Female,1960-1983,Other,,"Facebook,Youtube,Whatsapp",,1 Hour,Whatsapp,,Knowledge sharing,,Free time,Less than 1 Hour,Disagree,Disagree,Disagree,Disagree,Disagree,Disagree,Disagree,Disagree,Strongly Disagree,Strongly Disagree,Strongly Disagree,Strongly Disagree,Strongly Disagree,Strongly Disagree,Strongly Disagree,Strongly Disagree,Disagree,Disagree,Disagree,Disagree,Disagree,Disagree,Never,Never,Never,Never,Rarely,Never,Sometimes,Sometimes,Never,Sometimes,Never,Never,Never,Never,Never,Never,Never
2021-06-20 12:35:23,2021-06-20 12:37:33,IP Address,178.85.35.216,100,130,True,2021-06-20 12:37:33,R_1GUlnoPnZuWC8nh,,,,,52.492095947265625,4.9669952392578125,anonymous,EN,I Consent,"Yes, I do",Male,1960-1983,Masters Degree,,"Facebook,Youtube,Whatsapp",,1 Hour,Whatsapp,,Socializing,,Free time,Less than 1 Hour,Disagree,Disagree,Strongly Disagree,Somewhat disagree,Disagree,Strongly Disagree,Disagree,Somewhat disagree,Disagree,Strongly Disagree,Strongly Disagree,Somewhat disagree,Strongly Disagree,Somewhat disagree,Strongly Disagree,Strongly Disagree,Strongly Disagree,Somewhat disagree,Somewhat agree,Somewhat agree,Strongly Disagree,Strongly Disagree,Rarely,Rarely,Rarely,Rarely,Rarely,Rarely,Rarely,Rarely,Never,Never,Rarely,Rarely,Rarely,Rarely,Rarely,Never,Never
2021-06-20 13:02:43,2021-06-20 13:03:05,IP Address,145.53.92.5,100,21,True,2021-06-20 13:03:05,R_3ltc23WtrMJFWJW,,,,,51.8927001953125,4.5012054443359375,anonymous,EN,I Consent,"Yes, I do",Male,Other,,,,,,,,,,,,,,,,,,,,,,,,,,,,,,,,,,,,,,,,,,,,,,,,,,
2021-06-20 13:22:39,2021-06-20 13:34:42,IP Address,82.170.4.166,100,723,True,2021-06-20 13:34:43,R_1FhSe5B3iykv9T7,,,,,52.1927947998046875,5.4199066162109375,anonymous,EN,I Consent,"Yes, I do",Male,1960-1983,Masters Degree,,"Whatsapp,Other",Linked in,Less than 1 Hour,Whatsapp,,Socializing,,Free time,Less than 1 Hour,Agree,Strongly Disagree,Strongly Disagree,Strongly Disagree,Strongly Disagree,Strongly Disagree,Strongly Disagree,Agree,Somewhat agree,Somewhat agree,Strongly Disagree,Strongly Disagree,Strongly Disagree,Somewhat disagree,Strongly agree,Strongly Disagree,Neither agree nor disagree,Agree,Agree,Somewhat disagree,Agree,Strongly Disagree,Never,Sometimes,Rarely,Rarely,Sometimes,Sometimes,Rarely,Rarely,Rarely,Sometimes,Rarely,Rarely,Rarely,Rarely,Rarely,Rarely,Sometimes
2021-06-20 14:11:42,2021-06-20 14:15:35,IP Address,86.89.0.143,100,233,True,2021-06-20 14:15:36,R_3qr6pwxh6xWZSoA,,,,,52.6775970458984375,4.8090972900390625,anonymous,EN,I Consent,"Yes, I do",Female,1960-1983,Bachelors Degree,,"Facebook,Whatsapp",,1-3 Hours,Whatsapp,,Networking,,Free time,1-3 Hours,Strongly Disagree,Strongly Disagree,Neither agree nor disagree,Neither agree nor disagree,Neither agree nor disagree,Neither agree nor disagree,Strongly Disagree,Agree,Strongly Disagree,Strongly Disagree,Strongly Disagree,Strongly Disagree,Strongly Disagree,Somewhat disagree,Neither agree nor disagree,Strongly Disagree,Somewhat disagree,Strongly Disagree,Strongly Disagree,Somewhat agree,Strongly Disagree,Strongly Disagree,Sometimes,Never,Never,Rarely,Rarely,Rarely,Rarely,Rarely,Never,Never,Never,Never,Never,Never,Rarely,Never,Never
2021-06-20 14:15:41,2021-06-20 14:17:33,IP Address,86.89.0.143,100,111,True,2021-06-20 14:17:33,R_3MAQsOTFe3fRtpI,,,,,52.6775970458984375,4.8090972900390625,anonymous,EN,I Consent,"Yes, I do",Male,1960-1983,Bachelors Degree,,Whatsapp,,Less than 1 Hour,Whatsapp,,Knowledge sharing,,None specifically,Less than 1 Hour,Strongly Disagree,Strongly Disagree,Strongly Disagree,Strongly Disagree,Strongly Disagree,Strongly Disagree,Strongly Disagree,Strongly Disagree,Strongly Disagree,Strongly Disagree,Strongly Disagree,Strongly Disagree,Strongly Disagree,Somewhat disagree,Disagree,Strongly Disagree,Strongly Disagree,Strongly Disagree,Strongly Disagree,Neither agree nor disagree,Strongly Disagree,Strongly Disagree,Rarely,Never,Never,Never,Rarely,Rarely,Rarely,Rarely,Never,Never,Never,Rarely,Never,Never,Never,Never,Rarely
2021-06-20 14:17:37,2021-06-20 14:20:03,IP Address,86.89.0.143,100,146,True,2021-06-20 14:20:03,R_1jUnhPYaorKp46w,,,,,52.6775970458984375,4.8090972900390625,anonymous,EN,I Consent,"Yes, I do",Male,1997+,High School Graduate,,"Instagram,Youtube,Snapchat,Whatsapp",,3-5 Hours,Whatsapp,,Socializing,,Free time,Less than 1 Hour,Strongly Disagree,Strongly Disagree,Strongly Disagree,Strongly Disagree,Strongly Disagree,Strongly Disagree,Strongly Disagree,Somewhat disagree,Strongly Disagree,Strongly Disagree,Strongly Disagree,Strongly Disagree,Strongly Disagree,Somewhat disagree,Strongly Disagree,Strongly Disagree,Strongly Disagree,Strongly Disagree,Agree,Strongly Disagree,Strongly Disagree,Strongly Disagree,Rarely,Rarely,Never,Never,Never,Never,Rarely,Rarely,Never,Never,Rarely,Rarely,Never,Rarely,Rarely,Never,Never
2021-06-20 14:20:08,2021-06-20 14:21:43,IP Address,86.89.0.143,100,95,True,2021-06-20 14:21:44,R_3fdaInsecoJG18O,,,,,52.6775970458984375,4.8090972900390625,anonymous,EN,I Consent,"Yes, I do",Female,1997+,Bachelors Degree,,"Instagram,Facebook,Youtube,Whatsapp",,1-3 Hours,Whatsapp,,Socializing,,Free time,Less than 1 Hour,Strongly Disagree,Strongly Disagree,Strongly Disagree,Strongly Disagree,Strongly Disagree,Strongly Disagree,Strongly Disagree,Disagree,Strongly Disagree,Strongly Disagree,Strongly Disagree,Strongly Disagree,Strongly Disagree,Somewhat disagree,Strongly Disagree,Strongly Disagree,Strongly Disagree,Strongly Disagree,Somewhat agree,Strongly Disagree,Strongly Disagree,Strongly Disagree,Never,Never,Never,Never,Never,Never,Rarely,Rarely,Never,Never,Never,Never,Never,Never,Never,Never,Never
2021-06-20 14:21:51,2021-06-20 14:23:31,IP Address,86.89.0.143,100,99,True,2021-06-20 14:23:31,R_3imxNt6r9G7ziMV,,,,,52.6775970458984375,4.8090972900390625,anonymous,EN,I Consent,"Yes, I do",Female,1984-1996,Bachelors Degree,,"Instagram,Facebook,Whatsapp",,1-3 Hours,Whatsapp,,Knowledge sharing,,Free time,1-3 Hours,Strongly Disagree,Strongly Disagree,Strongly Disagree,Strongly Disagree,Strongly Disagree,Strongly Disagree,Strongly Disagree,Strongly Disagree,Strongly Disagree,Strongly Disagree,Strongly Disagree,Strongly Disagree,Strongly Disagree,Somewhat disagree,Strongly Disagree,Strongly Disagree,Strongly Disagree,Strongly Disagree,Strongly Disagree,Strongly Disagree,Strongly Disagree,Strongly Disagree,Rarely,Never,Never,Never,Rarely,Rarely,Never,Rarely,Never,Never,Never,Never,Never,Never,Never,Never,Never
2021-06-20 14:23:35,2021-06-20 14:26:43,IP Address,86.89.0.143,100,187,True,2021-06-20 14:26:43,R_1BRg69tsNkOnKVO,,,,,52.6775970458984375,4.8090972900390625,anonymous,EN,I Consent,"Yes, I do",Male,1984-1996,Bachelors Degree,,"Facebook,Whatsapp",,3-5 Hours,Facebook,,Other,Reading posts,Free time,1 Hour,Agree,Neither agree nor disagree,Strongly Disagree,Agree,Agree,Strongly Disagree,Strongly Disagree,Strongly agree,Agree,Strongly Disagree,Strongly Disagree,Strongly Disagree,Strongly Disagree,Somewhat disagree,Somewhat agree,Strongly Disagree,Agree,Agree,Strongly agree,Strongly agree,Somewhat disagree,Strongly Disagree,Rarely,Sometimes,Sometimes,Never,Never,Never,Sometimes,Never,Never,Rarely,Often,Never,Never,Sometimes,Sometimes,Often,Never
2021-06-20 14:13:37,2021-06-20 14:29:27,IP Address,77.249.177.110,100,949,True,2021-06-20 14:29:27,R_2Xh8BLq0SxagxGQ,,,,,52.351806640625,5.1488037109375,anonymous,EN,I Consent,"Yes, I do",Female,1960-1983,High School Graduate,,"Facebook,Whatsapp",,1 Hour,Whatsapp,,Socializing,,Free time,Less than 1 Hour,Strongly Disagree,Strongly Disagree,Strongly Disagree,Strongly Disagree,Strongly Disagree,Strongly Disagree,Strongly Disagree,Neither agree nor disagree,Strongly Disagree,Strongly Disagree,Strongly Disagree,Strongly Disagree,Strongly Disagree,Somewhat disagree,Neither agree nor disagree,Strongly Disagree,Strongly Disagree,Strongly Disagree,Neither agree nor disagree,Strongly Disagree,Somewhat disagree,Strongly Disagree,Rarely,Rarely,Rarely,Rarely,Rarely,Rarely,Rarely,Rarely,Never,Never,Rarely,Never,Rarely,Rarely,Rarely,Rarely,Rarely
2021-06-20 15:56:16,2021-06-20 16:00:30,IP Address,77.164.66.137,100,254,True,2021-06-20 16:00:31,R_30o4fe2Rni1WzKX,,,,,52.173797607421875,5.422393798828125,anonymous,EN,I Consent,"Yes, I do",Female,1997+,High School Graduate,,"Instagram,Snapchat,Tiktok,Whatsapp",,3-5 Hours,Whatsapp,,Socializing,,Free time,1-3 Hours,Agree,Agree,Somewhat agree,Agree,Disagree,Neither agree nor disagree,Disagree,Strongly agree,Agree,Somewhat agree,Neither agree nor disagree,Somewhat agree,Somewhat disagree,Somewhat disagree,Somewhat agree,Strongly Disagree,Disagree,Somewhat agree,Disagree,Somewhat disagree,Strongly Disagree,Disagree,Rarely,Sometimes,Often,Sometimes,Never,Rarely,Never,Never,Never,Rarely,Sometimes,Sometimes,Rarely,Sometimes,Sometimes,Sometimes,Rarely
2021-06-20 22:26:40,2021-06-20 22:33:50,IP Address,163.158.232.252,100,429,True,2021-06-20 22:33:50,R_5bFsDSW0CH7gxAB,,,,,51.9156951904296875,4.386199951171875,anonymous,EN,I Consent,"Yes, I do",Male,1984-1996,Masters Degree,,"Youtube,Whatsapp",,1-3 Hours,Other,Youtube,Other,Listening to Music,While At Work,More than 5 Hours,Strongly Disagree,Disagree,Somewhat agree,Strongly Disagree,Disagree,Strongly Disagree,Strongly Disagree,Agree,Somewhat agree,Neither agree nor disagree,Somewhat disagree,Neither agree nor disagree,Strongly Disagree,Somewhat disagree,Strongly Disagree,Strongly Disagree,Strongly Disagree,Neither agree nor disagree,Strongly agree,Disagree,Somewhat agree,Disagree,Rarely,Sometimes,Sometimes,Sometimes,Rarely,Rarely,Rarely,Rarely,Never,Rarely,Sometimes,Rarely,Rarely,Sometimes,Sometimes,Sometimes,Often
2021-06-20 22:29:31,2021-06-20 22:37:18,IP Address,84.241.206.1,100,467,True,2021-06-20 22:37:18,R_1Sur1adzntAMpzP,,,,,51.8943023681640625,4.5081939697265625,anonymous,EN,I Consent,"Yes, I do",Male,1984-1996,Bachelors Degree,,"Instagram,Facebook,Youtube,Snapchat,Whatsapp",,More than 5 Hours,Whatsapp,,Knowledge sharing,,Free time,1-3 Hours,Somewhat agree,Agree,Strongly Disagree,Agree,Disagree,Somewhat agree,Disagree,Agree,Somewhat agree,Disagree,Strongly Disagree,Somewhat agree,Strongly Disagree,Somewhat disagree,Somewhat disagree,Disagree,Strongly Disagree,Somewhat agree,Agree,Agree,Strongly Disagree,Strongly Disagree,Never,Never,Rarely,Sometimes,Never,Rarely,Sometimes,Rarely,Never,Never,Rarely,Never,Never,Sometimes,Rarely,Rarely,Rarely
2021-06-21 01:00:28,2021-06-21 01:07:08,IP Address,94.208.92.196,100,399,True,2021-06-21 01:07:09,R_3GCzPun9NePsfN3,,,,,52.1781005859375,4.50689697265625,anonymous,EN,I Consent,"Yes, I do",Male,1997+,Other,Mbo,"Instagram,Twitter,Facebook,Youtube,Snapchat,Whatsapp",,1-3 Hours,Whatsapp,,Socializing,,None specifically,Less than 1 Hour,Somewhat agree,Somewhat agree,Somewhat disagree,Somewhat agree,Somewhat disagree,Disagree,Strongly Disagree,Strongly agree,Strongly agree,Agree,Strongly Disagree,Strongly agree,Strongly Disagree,Somewhat disagree,Somewhat agree,Somewhat disagree,Somewhat agree,Agree,Strongly agree,Somewhat agree,Somewhat disagree,Strongly Disagree,Never,Sometimes,Rarely,Often,Sometimes,Sometimes,Sometimes,Sometimes,Often,Sometimes,Rarely,Rarely,Never,Sometimes,Sometimes,Rarely,Rarely
2021-06-21 01:34:16,2021-06-21 01:36:38,IP Address,178.85.35.216,100,142,True,2021-06-21 01:36:39,R_1mXHgdIIwxurFWM,,,,,52.492095947265625,4.9669952392578125,anonymous,EN,I Consent,"Yes, I do",Male,1984-1996,Masters Degree,,"Instagram,Youtube,Reddit,Whatsapp",,1-3 Hours,Whatsapp,,Socializing,,Free time,Less than 1 Hour,Strongly Disagree,Strongly Disagree,Disagree,Somewhat agree,Strongly Disagree,Disagree,Strongly Disagree,Somewhat agree,Strongly Disagree,Strongly Disagree,Strongly Disagree,Strongly Disagree,Strongly Disagree,Somewhat disagree,Strongly Disagree,Strongly Disagree,Strongly Disagree,Somewhat agree,Agree,Neither agree nor disagree,Strongly Disagree,Strongly Disagree,Never,Rarely,Rarely,Rarely,Rarely,Rarely,Rarely,Rarely,Rarely,Never,Rarely,Never,Sometimes,Sometimes,Rarely,Never,Never
2021-06-21 01:36:43,2021-06-21 01:38:49,IP Address,178.85.35.216,100,125,True,2021-06-21 01:38:50,R_qDRUjKMXvGTLoWd,,,,,52.492095947265625,4.9669952392578125,anonymous,EN,I Consent,"Yes, I do",Male,1960-1983,Masters Degree,,"Facebook,Whatsapp",,1-3 Hours,Whatsapp,,Socializing,,Free time,Less than 1 Hour,Strongly Disagree,Strongly Disagree,Strongly Disagree,Strongly Disagree,Strongly Disagree,Strongly Disagree,Strongly Disagree,Somewhat agree,Strongly Disagree,Strongly Disagree,Strongly Disagree,Strongly Disagree,Strongly Disagree,Somewhat disagree,Strongly Disagree,Strongly Disagree,Strongly Disagree,Somewhat disagree,Neither agree nor disagree,Somewhat agree,Strongly Disagree,Strongly Disagree,Rarely,Rarely,Rarely,Rarely,Rarely,Rarely,Rarely,Rarely,Never,Never,Rarely,Never,Rarely,Rarely,Rarely,Never,Never
2021-06-21 01:41:20,2021-06-21 01:49:27,IP Address,217.123.92.239,100,487,True,2021-06-21 01:49:27,R_4UAnRVSTilu9d17,,,,,52.4644012451171875,4.62469482421875,anonymous,EN,I Consent,"Yes, I do",Male,1997+,Bachelors Degree,,"Facebook,Youtube,Whatsapp",,1-3 Hours,Whatsapp,,Knowledge sharing,,Free time,Less than 1 Hour,Disagree,Disagree,Disagree,Disagree,Disagree,Disagree,Disagree,Somewhat disagree,Disagree,Disagree,Strongly Disagree,Strongly Disagree,Strongly Disagree,Somewhat disagree,Somewhat disagree,Disagree,Disagree,Disagree,Somewhat agree,Somewhat agree,Disagree,Disagree,Never,Never,Rarely,Rarely,Sometimes,Sometimes,Often,Sometimes,Often,Sometimes,Rarely,Never,Rarely,Rarely,Rarely,Sometimes,Rarely
2021-06-21 01:46:29,2021-06-21 01:54:52,IP Address,77.249.177.110,100,502,True,2021-06-21 01:54:52,R_3lxzp3zP5vOUBDu,,,,,52.351806640625,5.1488037109375,anonymous,EN,I Consent,"Yes, I do",Male,1960-1983,High School Graduate,,"Instagram,Facebook,Youtube,Whatsapp",,Less than 1 Hour,Whatsapp,,Socializing,,Free time,Less than 1 Hour,Somewhat agree,Somewhat agree,Somewhat agree,Somewhat agree,Strongly Disagree,Disagree,Disagree,Disagree,Strongly Disagree,Strongly Disagree,Somewhat agree,Strongly Disagree,Strongly Disagree,Strongly Disagree,Strongly Disagree,Strongly Disagree,Strongly Disagree,Strongly Disagree,Agree,Strongly Disagree,Somewhat agree,Strongly Disagree,Never,Rarely,Never,Rarely,Rarely,Rarely,Rarely,Rarely,Sometimes,Rarely,Rarely,Rarely,Sometimes,Rarely,Rarely,Never,Rarely
2021-06-21 01:51:34,2021-06-21 01:55:56,IP Address,82.170.134.131,100,261,True,2021-06-21 01:55:56,R_3KZNciaKnoQkvY9,,,,,52.184906005859375,5.3954010009765625,anonymous,EN,I Consent,"Yes, I do",Female,1984-1996,Masters Degree,,"Instagram,Facebook,Whatsapp",,1-3 Hours,Whatsapp,,Business,,Free time,1 Hour,Agree,Somewhat disagree,Neither agree nor disagree,Somewhat agree,Somewhat disagree,Strongly Disagree,Somewhat disagree,Strongly agree,Disagree,Somewhat disagree,Disagree,Somewhat disagree,Strongly Disagree,Somewhat disagree,Agree,Strongly Disagree,Agree,Strongly Disagree,Agree,Agree,Somewhat disagree,Somewhat agree,Rarely,Sometimes,Sometimes,Often,Never,Rarely,Often,Often,Never,Rarely,Sometimes,Never,Rarely,Rarely,Often,Sometimes,Never
2021-06-21 01:55:59,2021-06-21 01:58:59,IP Address,82.170.134.131,100,180,True,2021-06-21 01:59:00,R_1d5GvsjT8rXwBqf,,,,,52.184906005859375,5.3954010009765625,anonymous,EN,I Consent,"Yes, I do",,1960-1983,Masters Degree,,Whatsapp,,1 Hour,Whatsapp,,Socializing,,Free time,1 Hour,Disagree,Strongly Disagree,Agree,Strongly Disagree,Disagree,Disagree,Strongly Disagree,Agree,Neither agree nor disagree,Disagree,Strongly Disagree,Disagree,Strongly Disagree,Somewhat disagree,Somewhat agree,Strongly Disagree,Disagree,Neither agree nor disagree,Strongly Disagree,Disagree,Strongly Disagree,Strongly Disagree,Rarely,Sometimes,Never,Never,Sometimes,Rarely,Sometimes,Sometimes,Never,Never,Rarely,Never,Never,Rarely,Rarely,Sometimes,Never
2021-06-21 02:00:38,2021-06-21 02:08:35,IP Address,83.81.69.91,100,476,True,2021-06-21 02:08:35,R_1jNdTVyXjvSVmAX,,,,,52.4777069091796875,4.648406982421875,anonymous,EN,I Consent,"Yes, I do",Female,1984-1996,Masters Degree,,"Youtube,Whatsapp",,1-3 Hours,Whatsapp,,Socializing,,Free time,1 Hour,Disagree,Disagree,Agree,Disagree,Strongly Disagree,Strongly Disagree,Strongly Disagree,Strongly agree,Agree,Somewhat disagree,Strongly Disagree,Somewhat disagree,Strongly Disagree,Somewhat disagree,Somewhat agree,Disagree,Somewhat agree,Agree,Agree,Disagree,Somewhat agree,Somewhat disagree,Rarely,Often,Rarely,Sometimes,Rarely,Rarely,Often,Sometimes,Never,Sometimes,Rarely,Never,Never,Sometimes,Sometimes,Rarely,Rarely
2021-06-21 02:08:41,2021-06-21 02:12:25,IP Address,83.81.69.91,100,223,True,2021-06-21 02:12:25,R_2SfB6hqJAuYuG2b,,,,,52.4777069091796875,4.648406982421875,anonymous,EN,I Consent,"Yes, I do",Male,1960-1983,High School Graduate,,"Facebook,Whatsapp",,Less than 1 Hour,Whatsapp,,Business,,None specifically,Less than 1 Hour,Somewhat disagree,Disagree,Strongly Disagree,Somewhat disagree,Strongly Disagree,Strongly Disagree,Strongly Disagree,Somewhat disagree,Strongly Disagree,Strongly Disagree,Strongly Disagree,Strongly Disagree,Strongly Disagree,Somewhat disagree,Neither agree nor disagree,Strongly Disagree,Disagree,Strongly Disagree,Somewhat agree,Somewhat disagree,Disagree,Strongly Disagree,Never,Never,Rarely,Rarely,Never,Never,Never,Rarely,Never,Never,Rarely,Never,Never,Rarely,Rarely,Rarely,Never
2021-06-21 02:25:57,2021-06-21 02:28:00,IP Address,86.89.0.143,100,123,True,2021-06-21 02:28:00,R_2UhF8M5cri99VVk,,,,,52.6775970458984375,4.8090972900390625,anonymous,EN,I Consent,"Yes, I do",Male,1960-1983,Bachelors Degree,,Whatsapp,,1-3 Hours,Whatsapp,,Networking,,None specifically,1 Hour,Strongly Disagree,Strongly Disagree,Strongly Disagree,Strongly Disagree,Strongly Disagree,Strongly Disagree,Strongly Disagree,Somewhat disagree,Strongly Disagree,Strongly Disagree,Strongly Disagree,Strongly Disagree,Strongly Disagree,Somewhat disagree,Strongly Disagree,Strongly Disagree,Strongly Disagree,Strongly Disagree,Strongly Disagree,Strongly Disagree,Strongly Disagree,Strongly Disagree,Rarely,Never,Never,Never,Rarely,Rarely,Never,Never,Never,Never,Never,Never,Never,Never,Never,Never,Never
2021-06-21 02:17:19,2021-06-21 02:29:24,IP Address,77.249.177.110,100,725,True,2021-06-21 02:29:25,R_1QioznUWc8sGVp2,,,,,52.351806640625,5.1488037109375,anonymous,EN,I Consent,"Yes, I do",Male,1984-1996,High School Graduate,,"Instagram,Twitter,Facebook,Youtube,Whatsapp",,1-3 Hours,Facebook,,Socializing,,Free time,Less than 1 Hour,Agree,Agree,Somewhat agree,Agree,Somewhat agree,Somewhat agree,Somewhat agree,Strongly agree,Agree,Somewhat agree,Somewhat agree,Somewhat agree,Somewhat agree,Somewhat disagree,Agree,Somewhat agree,Agree,Somewhat disagree,Strongly agree,Strongly agree,Somewhat agree,Disagree,Never,Sometimes,Rarely,Sometimes,Rarely,Rarely,Rarely,Never,Never,Never,Sometimes,Never,Never,Often,Often,Rarely,Almost Always
2021-06-21 02:25:17,2021-06-21 02:31:20,IP Address,82.170.134.131,100,363,True,2021-06-21 02:31:20,R_1nSXK6LLFmP0e2d,,,,,52.184906005859375,5.3954010009765625,anonymous,EN,I Consent,"Yes, I do",Male,1984-1996,Masters Degree,,"Instagram,Twitter,Facebook,Whatsapp",,3-5 Hours,Whatsapp,,Socializing,,Free time,Less than 1 Hour,Agree,Somewhat agree,Somewhat agree,Agree,Agree,Strongly agree,Agree,Somewhat agree,Strongly agree,Somewhat agree,Neither agree nor disagree,Somewhat agree,Neither agree nor disagree,Somewhat disagree,Strongly agree,Neither agree nor disagree,Somewhat agree,Somewhat disagree,Agree,Agree,Agree,Somewhat disagree,Often,Rarely,Sometimes,Often,Never,Rarely,Sometimes,Sometimes,Never,Never,Often,Never,Rarely,Often,Sometimes,Almost Always,Rarely
2021-06-21 02:28:04,2021-06-21 02:32:17,IP Address,86.89.0.143,100,253,True,2021-06-21 02:32:17,R_1IYKWhkU94FPJex,,,,,52.6775970458984375,4.8090972900390625,anonymous,EN,I Consent,"Yes, I do",Female,1984-1996,Bachelors Degree,,"Instagram,Facebook,Whatsapp",,1-3 Hours,Whatsapp,,Socializing,,Free time,3-5 Hours,Neither agree nor disagree,Somewhat disagree,Strongly Disagree,Neither agree nor disagree,Neither agree nor disagree,Strongly Disagree,Strongly Disagree,Agree,Strongly Disagree,Strongly Disagree,Strongly Disagree,Somewhat disagree,Strongly Disagree,Somewhat disagree,Somewhat disagree,Strongly Disagree,Strongly Disagree,Somewhat agree,Agree,Strongly Disagree,Strongly Disagree,Strongly Disagree,Sometimes,Rarely,Never,Never,Never,Never,Never,Never,Never,Never,Rarely,Never,Never,Never,Never,Rarely,Never
2021-06-21 02:29:11,2021-06-21 02:33:07,IP Address,178.84.76.191,100,235,True,2021-06-21 02:33:07,R_Q61msdCeeL1DEul,,,,,52.5055999755859375,5.475006103515625,anonymous,EN,I Consent,"Yes, I do",Male,1960-1983,Trade School,,"Youtube,Whatsapp",,1 Hour,Whatsapp,,Business,,While At Work,Less than 1 Hour,Strongly Disagree,Strongly Disagree,Strongly Disagree,Strongly Disagree,Strongly Disagree,Strongly Disagree,Strongly Disagree,Strongly Disagree,Strongly Disagree,Strongly Disagree,Strongly Disagree,Strongly Disagree,Strongly Disagree,Strongly Disagree,Strongly Disagree,Strongly Disagree,Strongly Disagree,Strongly Disagree,Strongly agree,Agree,Strongly Disagree,Strongly Disagree,Never,Never,Never,Rarely,Sometimes,Sometimes,Sometimes,Rarely,Never,Rarely,Rarely,Never,Never,Rarely,Rarely,Rarely,Sometimes
2021-06-21 02:33:39,2021-06-21 02:37:06,IP Address,83.81.69.91,100,206,True,2021-06-21 02:37:06,R_3KUDQR2WzDY1Faw,,,,,52.4777069091796875,4.648406982421875,anonymous,EN,I Consent,"Yes, I do",Male,1960-1983,Bachelors Degree,,"Facebook,Whatsapp",,1 Hour,Whatsapp,,Socializing,,Free time,Less than 1 Hour,Somewhat disagree,Somewhat disagree,Strongly Disagree,Disagree,Disagree,Strongly Disagree,Strongly Disagree,Somewhat agree,Strongly Disagree,Strongly Disagree,Strongly Disagree,Strongly Disagree,Strongly Disagree,Somewhat disagree,Disagree,Strongly Disagree,Disagree,Strongly Disagree,Somewhat disagree,Disagree,Disagree,Strongly Disagree,Never,Never,Rarely,Never,Never,Never,Sometimes,Rarely,Never,Never,Rarely,Never,Rarely,Sometimes,Rarely,Rarely,Never
2021-06-21 02:33:46,2021-06-21 02:37:36,IP Address,82.170.134.131,100,229,True,2021-06-21 02:37:36,R_1l4xMW2PBJTFBOX,,,,,52.184906005859375,5.3954010009765625,anonymous,EN,I Consent,"Yes, I do",Prefer not to say,1960-1983,Masters Degree,,Whatsapp,,Less than 1 Hour,Whatsapp,,Socializing,,Free time,Less than 1 Hour,Disagree,Strongly Disagree,Strongly Disagree,Disagree,Strongly Disagree,Strongly Disagree,Strongly Disagree,Agree,Disagree,Somewhat disagree,Somewhat disagree,Neither agree nor disagree,Somewhat disagree,Somewhat disagree,Somewhat agree,Somewhat disagree,Somewhat agree,Somewhat disagree,Strongly Disagree,Somewhat disagree,Disagree,Strongly Disagree,Rarely,Never,Sometimes,Never,Rarely,Never,Sometimes,Sometimes,Never,Rarely,Never,Never,Sometimes,Sometimes,Rarely,Sometimes,Never
2021-06-21 02:33:56,2021-06-21 02:39:26,IP Address,178.85.35.216,100,330,True,2021-06-21 02:39:27,R_2ZQwkKojDm91a0j,,,,,52.492095947265625,4.9669952392578125,anonymous,EN,I Consent,"Yes, I do",Female,1960-1983,Masters Degree,,"Facebook,Youtube,Whatsapp",,1-3 Hours,Whatsapp,,Socializing,,Free time,Less than 1 Hour,Strongly Disagree,Strongly Disagree,Strongly Disagree,Strongly Disagree,Strongly Disagree,Strongly Disagree,Strongly Disagree,Somewhat agree,Disagree,Strongly Disagree,Strongly Disagree,Strongly Disagree,Strongly Disagree,Somewhat disagree,Strongly Disagree,Strongly Disagree,Strongly Disagree,Neither agree nor disagree,Somewhat agree,Somewhat agree,Strongly Disagree,Strongly Disagree,Rarely,Rarely,Rarely,Rarely,Rarely,Rarely,Rarely,Rarely,Never,Never,Rarely,Never,Rarely,Rarely,Rarely,Never,Never
2021-06-21 02:44:01,2021-06-21 02:46:14,IP Address,86.89.0.143,100,132,True,2021-06-21 02:46:14,R_1mXALTj3WYR2U8L,,,,,52.6775970458984375,4.8090972900390625,anonymous,EN,I Consent,"Yes, I do",Male,1960-1983,Masters Degree,,"Instagram,Facebook,Youtube,Whatsapp",,3-5 Hours,Whatsapp,,Socializing,,Free time,1 Hour,Somewhat agree,Somewhat agree,Strongly Disagree,Somewhat agree,Somewhat agree,Strongly Disagree,Strongly Disagree,Agree,Strongly Disagree,Strongly Disagree,Strongly Disagree,Strongly Disagree,Strongly Disagree,Somewhat disagree,Agree,Strongly Disagree,Disagree,Somewhat agree,Agree,Agree,Strongly Disagree,Strongly Disagree,Rarely,Sometimes,Sometimes,Never,Never,Never,Rarely,Rarely,Never,Never,Often,Never,Never,Sometimes,Sometimes,Sometimes,Never
2021-06-21 02:34:50,2021-06-21 02:48:14,IP Address,77.249.177.110,100,804,True,2021-06-21 02:48:15,R_3GdYw9DZliIFLeH,,,,,52.351806640625,5.1488037109375,anonymous,EN,I Consent,"Yes, I do",Male,1984-1996,Bachelors Degree,,"Instagram,Twitter,Facebook,Youtube,Reddit,Snapchat,Tiktok,Whatsapp",,3-5 Hours,Instagram,,Socializing,,Free time,1-3 Hours,Agree,Agree,Agree,Strongly agree,Somewhat agree,Agree,Somewhat disagree,Strongly agree,Somewhat disagree,Disagree,Disagree,Disagree,Disagree,Somewhat disagree,Agree,Somewhat disagree,Neither agree nor disagree,Disagree,Somewhat agree,Strongly agree,Agree,Strongly Disagree,Rarely,Sometimes,Often,Often,Often,Often,Almost Always,Often,Rarely,Never,Sometimes,Never,Often,Often,Often,Almost Always,Almost Always
2021-06-21 02:56:54,2021-06-21 03:02:43,IP Address,77.164.53.191,100,348,True,2021-06-21 03:02:43,R_1riGwcDmcgmON3T,,,,,52.289703369140625,4.5821075439453125,anonymous,EN,I Consent,"Yes, I do",Male,1997+,Other,MBO 3,"Reddit,Whatsapp",,3-5 Hours,Whatsapp,,Socializing,,None specifically,3-5 Hours,Strongly Disagree,Strongly Disagree,Strongly Disagree,Strongly Disagree,Strongly Disagree,Strongly Disagree,Strongly Disagree,Strongly Disagree,Strongly Disagree,Strongly Disagree,Strongly Disagree,Strongly Disagree,Strongly Disagree,Strongly Disagree,Strongly Disagree,Strongly Disagree,Strongly Disagree,Strongly Disagree,Neither agree nor disagree,Somewhat agree,Strongly Disagree,Strongly Disagree,Rarely,Never,Never,Rarely,Never,Never,Sometimes,Sometimes,Never,Never,Never,Never,Sometimes,Sometimes,Sometimes,Sometimes,Rarely
